model,MAE,RMSE,R2,bias,bias_high,RMSE_std,fit_s,horizon
persistence,15.53513620213186,20.855597079547124,0.4802871626439561,-0.0011843663639952429,-11.665987796406762,,,24
ridge,13.476283352045613,17.37484360799851,0.6545719013462443,0.8265079741044052,-15.67117051170305,1.5976563530800951,0.6,24
random_forest,13.587560218948521,17.425729526747038,0.6503615634170212,0.9500242314831788,-17.994791301057642,1.761364816869191,130.7,24
hist_gbm,12.93053877150411,16.728790489012287,0.6796908219711972,0.7779525527388564,-15.641710926504231,1.3903591415270384,11.2,24
xgboost,13.058773909356818,16.809722633338872,0.6769185857031009,0.7922678422984332,-16.155990171344783,1.5758201219718455,13.7,24
persistence,21.142544731610336,27.659746879918792,0.10316401373793044,-0.03777335984095426,-20.763281860407094,,,48
ridge,18.34215428970897,22.767669282185434,0.4184636494822532,1.9971506428947812,-26.48917473013246,1.9810654429364802,0.6,48
random_forest,17.53360027593248,21.79463945889875,0.46486651794539313,2.070756332376826,-25.283269088355294,2.0800149300560724,135.2,48
hist_gbm,16.61342991455718,21.058734661731446,0.502183491099725,0.34358291021911663,-24.17180487669885,1.5053720400087875,11.2,48
xgboost,16.587002521006774,20.94195074032594,0.5073405564822789,0.9485274601172262,-22.980318743592488,1.3192793134581775,13.7,48
persistence,23.408954326923077,30.50121304555136,-0.0781102173996791,-0.06680689102564097,-24.951136804154654,,,72
ridge,19.771990954202195,24.670177187324192,0.32267296051276506,1.617326634923112,-29.993318112398818,2.285251029075174,0.6,72
random_forest,19.07230558188334,23.659157992707428,0.37414696763067967,1.1215896765809696,-30.105054101890712,2.2956462491034793,137.0,72
hist_gbm,17.68894822136356,22.3312027092901,0.44276172142688075,-2.211553884703112,-28.31427835263615,1.7162335589978066,11.1,72
xgboost,17.914211365274895,22.5339446837475,0.4328841788548782,-1.4468047064848435,-27.84866504657417,1.1890997678762456,13.3,72
